<?xml version='1.0' encoding="UTF-8"?>
<header>

	<hud_timer  x="852" y="15" width="157" height="67">
		<text x="-15" y="23it" font="graffiti32" r="238" g="155" b="23" a="255" align="r"/>
		<texture>ui_hud_frame_clock</texture>
	</hud_timer>

	<hud_timer_text x="852" y="80" width="157" height="67" light_anim="ui_slow_blinking_alpha" la_cyclic="1" la_texture="0" la_text="1" la_alpha="1">
		<text x="0" y="0" font="graffiti22" r="240" g="217" b="182" a="255" align="c"/>
	</hud_timer_text>


	<sleep_001  x="20" y="20" width="984" height="728">
		<texture x="0" y="0" width="984" height="728">car\trabantnoise</texture>
	</sleep_001>

	<controller_fx  x="0" y="0" width="1024" height="768" stretch="1">
		<texture>act\act_controller_hit</texture>
	</controller_fx>

	<controller_fx2  x="0" y="0" width="1024" height="768" stretch="1">
		<texture>act\act_controller_hit1</texture>
	</controller_fx2>
	
	<monster_claws  x="512" y="150" width="512" height="512" alignment="c" stretch="1" heading="1" light_anim="monster_claws" la_alpha="1" la_cyclic="0">
		<texture>controller\controller_blood_01</texture>
	</monster_claws>
	
	<main_task  x="200" y="120" width="600" height="60" complex_mode="1">
		<text align="c" font="graffiti32"  r="240" g="217" b="182" a="255"/>
	</main_task>

	<cs_psy_danger  x="200" y="10" width="600" height="50" complex_mode="1">
		<text font="graffiti22"  r="240" g="217" b="182" a="255" align="c"/>
	</cs_psy_danger>
	<cs_radiation_danger  x="200" y="60" width="600" height="50" complex_mode="1">
		<text font="graffiti22"  r="240" g="217" b="182" a="255" align="c"/>
	</cs_radiation_danger>
	
	<game_saved  x="100" y="730" width="800" height="30">
		<text font="graffiti22"  r="240" g="217" b="182" a="255" align="c"/>
	</game_saved>

	<autosave  x="100" y="700" width="800" height="30">
		<text font="graffiti22"  r="240" g="217" b="182" a="255" align="c">st_autosave</text>
	</autosave>
	
	<item_used  x="100" y="730" width="800" height="30">
		<text font="graffiti22"  r="240" g="217" b="182" a="255" align="c"/>
	</item_used>

	<gun_jammed x="200" y="70" width="600" height="50" ttl="3">
		<text font="graffiti32"  r="240" g="217" b="182" a="255" align="c">gun_jammed</text>
	</gun_jammed>
	
	<cant_walk x="200" y="650" width="600" height="30" ttl="3">
		<text font="graffiti22"  r="240" g="217" b="182" a="255" align="c">cant_walk</text>
	</cant_walk>
	
	<cant_walk_weight x="20" y="650" width="600" height="30" ttl="3">
		<text font="graffiti22"  r="240" g="217" b="182" a="255" align="c">cant_walk_weight</text>
	</cant_walk_weight>
	
	<not_enough_money_mine  x="100" y="100" width="800" height="60">
		<text font="graffiti32"  r="240" g="217" b="182" a="255" align="c">st_not_enough_money</text>
	</not_enough_money_mine>

	<not_enough_money_other  x="100" y="100" width="800" height="60">
		<text font="graffiti32"  r="240" g="217" b="182" a="255" align="c">st_not_enough_money_npc</text>
	</not_enough_money_other>

  <max_ping_warn_1 x="512" y="300" width="360" height="64" alignment="c" ttl="8">
    <texture x="0" y="0" width="360" height="64" a="30">ui\ui_cm_connection_error</texture>
    <text x="80" y="50" font="graffiti32" r="238" g="155" b="23" a="255"/>
  </max_ping_warn_1>
  <max_ping_warn_2 x="512" y="300" width="360" height="64" alignment="c" ttl="8">
    <texture x="0" y="0" width="360" height="64" a="64">ui\ui_cm_connection_error</texture>
    <text x="80" y="50" font="graffiti32" r="238" g="155" b="23" a="255"/>
  </max_ping_warn_2>
  <max_ping_warn_3 x="512" y="300" width="360" height="64" alignment="c" ttl="8">
    <texture x="0" y="0" width="360" height="64" a="160">ui\ui_cm_connection_error</texture>
    <text x="80" y="50" font="graffiti32" r="238" g="155" b="23" a="255"/>
  </max_ping_warn_3>
  <max_ping_warn_4 x="512" y="300" width="360" height="64" alignment="c" ttl="8">
    <texture x="0" y="0" width="360" height="64" a="255">ui\ui_cm_connection_error</texture>
    <text x="80" y="50" font="graffiti32" r="238" g="155" b="23" a="255"/>
  </max_ping_warn_4>

  <hud_rad_back x="0" y="0" width="1" height="1" stretch="1" complex_mode="1">
    <texture>ui\ui_hud_shkala_rad</texture>
  </hud_rad_back>
  <hud_rad_level x="0" y="0" width="1" height="1" stretch="1" complex_mode="1">
    <texture>ui\ui_hud_progress_rad</texture>
  </hud_rad_level>


</header>