
	<intro_logo>
		<global_wnd width="1024" height="768">
		</global_wnd>
		
		<item>
			<main_wnd>
			</main_wnd>
		</item>		
	</intro_logo>
	
	<intro_game>
		<play_each_item>1</play_each_item>
		<global_wnd x="0" y="0" width="1024" height="768">
			<auto_static x="0" y="0" width="1024" height="768" stretch="1">
				<window_name>back</window_name>
				<texture>intro\intro_back</texture>
			</auto_static>
		</global_wnd>
		
		<item type="video">
			<sound>characters_voice\scenario\video\intro_stalker</sound>
			<pause_state>on</pause_state>
			<video_wnd x="0" y="0" width="1024" height="768" stretch="1">
				<texture x="0" y="1" width="512" height="286">intro\intro_stalker</texture>
			</video_wnd>
		</item>
	</intro_game>


	<x18_dream>
		<play_each_item>1</play_each_item>
		<global_wnd x="0" y="0" width="1024" height="768">
			<auto_static x="0" y="0" width="1024" height="768" stretch="1">
				<window_name>back</window_name>
				<texture>intro\intro_back</texture>
			</auto_static>
		</global_wnd>
		
		<item type="video">
			<sound>characters_voice\scenario\video\dream_rats</sound>
			<pause_state>on</pause_state>
			<function_on_stop>xr_effects.end_x18_dream</function_on_stop>
			<video_wnd x="0" y="0" width="1024" height="768" stretch="1">
				<texture x="0" y="1" width="512" height="286">intro\dream_rats</texture>
			</video_wnd>
		</item>
	</x18_dream>

	<radar_dream>
		<play_each_item>1</play_each_item>
		<global_wnd x="0" y="0" width="1024" height="768">
			<auto_static x="0" y="0" width="1024" height="768" stretch="1">
				<window_name>back</window_name>
				<texture>intro\intro_back</texture>
			</auto_static>
		</global_wnd>
		
		<item type="video">
			<sound>characters_voice\scenario\video\dream_sarcofag</sound>
			<pause_state>on</pause_state>
			<function_on_stop>xr_effects.end_radar_dream</function_on_stop>
			<video_wnd x="0" y="0" width="1024" height="768" stretch="1">
				<texture x="0" y="1" width="512" height="286">intro\dream_sarcofag</texture>
			</video_wnd>
		</item>
	</radar_dream>

	<yantar_dream>
		<play_each_item>1</play_each_item>
		<global_wnd x="0" y="0" width="1024" height="768">
			<auto_static x="0" y="0" width="1024" height="768" stretch="1">
				<window_name>back</window_name>
				<texture>intro\intro_back</texture>
			</auto_static>
		</global_wnd>
		
		<item type="video">
			<sound>characters_voice\scenario\video\dream_doctor</sound>
			<pause_state>on</pause_state>
			<function_on_stop>xr_effects.end_yantar_dream</function_on_stop>
			<video_wnd x="0" y="0" width="1024" height="768" stretch="1">
				<texture x="0" y="1" width="512" height="286">intro\dream_doctor</texture>
			</video_wnd>
		</item>
	</yantar_dream>

	<mov_desire_1>
		<play_each_item>1</play_each_item>
		<global_wnd x="0" y="0" width="1024" height="768">
			<auto_static x="0" y="0" width="1024" height="768" stretch="1">
				<window_name>back</window_name>
				<texture>intro\intro_back</texture>
			</auto_static>
		</global_wnd>
		
		<item type="video">
			<sound>characters_voice\scenario\video\final_blind</sound>
			<pause_state>on</pause_state>
			<function_on_stop>xr_effects.game_credits</function_on_stop>
			<video_wnd x="0" y="0" width="1024" height="768" stretch="1">
				<texture x="0" y="1" width="512" height="286">intro\final_blind</texture>
			</video_wnd>
		</item>
	</mov_desire_1>

	<mov_desire_2>
		<play_each_item>1</play_each_item>
		<global_wnd x="0" y="0" width="1024" height="768">
			<auto_static x="0" y="0" width="1024" height="768" stretch="1">
				<window_name>back</window_name>
				<texture>intro\intro_back</texture>
			</auto_static>
		</global_wnd>
		
		<item type="video">
			<sound>characters_voice\scenario\video\final_gold</sound>
			<pause_state>on</pause_state>
			<function_on_stop>xr_effects.game_credits</function_on_stop>
			<video_wnd x="0" y="0" width="1024" height="768" stretch="1">
				<texture x="0" y="1" width="512" height="286">intro\final_gold</texture>
			</video_wnd>
		</item>
	</mov_desire_2>

	<mov_desire_3>
		<play_each_item>1</play_each_item>
		<global_wnd x="0" y="0" width="1024" height="768">
			<auto_static x="0" y="0" width="1024" height="768" stretch="1">
				<window_name>back</window_name>
				<texture>intro\intro_back</texture>
			</auto_static>
		</global_wnd>
		
		<item type="video">
			<sound>characters_voice\scenario\video\final_to_monolith</sound>
			<pause_state>on</pause_state>
			<function_on_stop>xr_effects.game_credits</function_on_stop>
			<video_wnd x="0" y="0" width="1024" height="768" stretch="1">
				<texture x="0" y="1" width="512" height="286">intro\final_to_monolith</texture>
			</video_wnd>
		</item>
	</mov_desire_3>

	<mov_desire_4>
		<play_each_item>1</play_each_item>
		<global_wnd x="0" y="0" width="1024" height="768">
			<auto_static x="0" y="0" width="1024" height="768" stretch="1">
				<window_name>back</window_name>
				<texture>intro\intro_back</texture>
			</auto_static>
		</global_wnd>
		
		<item type="video">
			<sound>characters_voice\scenario\video\final_apocal</sound>
			<pause_state>on</pause_state>
			<function_on_stop>xr_effects.game_credits</function_on_stop>
			<video_wnd x="0" y="0" width="1024" height="768" stretch="1">
				<texture x="0" y="1" width="512" height="286">intro\final_apocal</texture>
			</video_wnd>
		</item>
	</mov_desire_4>

	<mov_desire_5>
		<play_each_item>1</play_each_item>
		<global_wnd x="0" y="0" width="1024" height="768">
			<auto_static x="0" y="0" width="1024" height="768" stretch="1">
				<window_name>back</window_name>
				<texture>intro\intro_back</texture>
			</auto_static>
		</global_wnd>
		
		<item type="video">
			<sound>characters_voice\scenario\video\final_immortal</sound>
			<pause_state>on</pause_state>
			<function_on_stop>xr_effects.game_credits</function_on_stop>
			<video_wnd x="0" y="0" width="1024" height="768" stretch="1">
				<texture x="0" y="1" width="512" height="286">intro\final_immortal</texture>
			</video_wnd>
		</item>
	</mov_desire_5>

	<mov_join_osoznanie>
		<play_each_item>1</play_each_item>
		<global_wnd x="0" y="0" width="1024" height="768">
			<auto_static x="0" y="0" width="1024" height="768" stretch="1">
				<window_name>back</window_name>
				<texture>intro\intro_back</texture>
			</auto_static>
		</global_wnd>
		
		<item type="video">
			<sound>characters_voice\scenario\video\dream_doctor_2</sound>
			<pause_state>on</pause_state>
			<function_on_stop>xr_effects.game_credits</function_on_stop>
			<video_wnd x="0" y="0" width="1024" height="768" stretch="1">
				<texture x="0" y="1" width="512" height="286">intro\dream_doctor_2</texture>
			</video_wnd>
		</item>
	</mov_join_osoznanie>
	
	<mov_refuse_osoznanie>
		<play_each_item>1</play_each_item>
		<global_wnd x="0" y="0" width="1024" height="768">
			<auto_static x="0" y="0" width="1024" height="768" stretch="1">
				<window_name>back</window_name>
				<texture>intro\intro_back</texture>
			</auto_static>
		</global_wnd>
		
		<item type="video">
			<sound>characters_voice\scenario\video\final_peace</sound>
			<pause_state>on</pause_state>
			<function_on_stop>xr_effects.game_credits</function_on_stop>
			<video_wnd x="0" y="0" width="1024" height="768" stretch="1">
				<texture x="0" y="1" width="512" height="286">intro\final_peace</texture>
			</video_wnd>
		</item>
	</mov_refuse_osoznanie>
