<NotepadPlus>
    <InternalCommands>
        <Shortcut id="42014" Ctrl="no" Alt="yes" Shift="no" Key="38" />
        <Shortcut id="42015" Ctrl="no" Alt="yes" Shift="no" Key="40" />
        <Shortcut id="42028" Ctrl="no" Alt="no" Shift="no" Key="0" />
        <Shortcut id="42033" Ctrl="no" Alt="no" Shift="no" Key="0" />
        <Shortcut id="44097" Ctrl="no" Alt="no" Shift="no" Key="112" />
        <Shortcut id="44022" Ctrl="no" Alt="no" Shift="no" Key="113" />
        <Shortcut id="43006" Ctrl="no" Alt="no" Shift="no" Key="0" />
        <Shortcut id="49000" Ctrl="no" Alt="no" Shift="no" Key="0" />
        <Shortcut id="44019" Ctrl="no" Alt="no" Shift="no" Key="116" />
        <Shortcut id="42022" Ctrl="yes" Alt="no" Shift="no" Key="191" />
        <Shortcut id="47000" Ctrl="no" Alt="no" Shift="no" Key="0" />
    </InternalCommands>
    <Macros>
        <Macro name="Trim Trailing Space and Save" Ctrl="no" Alt="yes" Shift="yes" Key="83">
            <Action type="2" message="0" wParam="42024" lParam="0" sParam="" />
            <Action type="2" message="0" wParam="41006" lParam="0" sParam="" />
        </Macro>
    </Macros>
    <UserDefinedCommands>
        <Command name="Launch in Firefox" Ctrl="yes" Alt="yes" Shift="yes" Key="88">firefox &quot;$(FULL_CURRENT_PATH)&quot;</Command>
        <Command name="Launch in IE" Ctrl="yes" Alt="yes" Shift="yes" Key="73">iexplore &quot;$(FULL_CURRENT_PATH)&quot;</Command>
        <Command name="Launch in Chrome" Ctrl="yes" Alt="yes" Shift="yes" Key="82">chrome &quot;$(FULL_CURRENT_PATH)&quot;</Command>
        <Command name="Launch in Safari" Ctrl="yes" Alt="yes" Shift="yes" Key="65">safari &quot;$(FULL_CURRENT_PATH)&quot;</Command>
        <Command name="Get PHP help" Ctrl="no" Alt="yes" Shift="no" Key="112">http://www.php.net/$(CURRENT_WORD)</Command>
        <Command name="Wikipedia Search" Ctrl="no" Alt="yes" Shift="no" Key="114">https://en.wikipedia.org/wiki/Special:Search?search=$(CURRENT_WORD)</Command>
        <Command name="Open file in another instance" Ctrl="no" Alt="yes" Shift="no" Key="117">$(NPP_FULL_FILE_PATH) $(CURRENT_WORD) -nosession -multiInst</Command>
        <Command name="Send via Outlook" Ctrl="yes" Alt="yes" Shift="yes" Key="79">outlook /a &quot;$(FULL_CURRENT_PATH)&quot;</Command>
    </UserDefinedCommands>
    <PluginCommands />
    <ScintillaKeys>
        <ScintKey ScintID="2390" menuCmdID="0" Ctrl="yes" Alt="yes" Shift="yes" Key="191" />
    </ScintillaKeys>
</NotepadPlus>
